#{"t_start": 1770754821.2550638, "env_id": "V2GEnv-continuous"}
r,l,t
-180.564555,17,1.179255
-58.177547,6,1.180257
-276.608775,19,1.183759
-366.276949,22,1.186762
-206.056824,16,1.190761
-99.110868,7,1.191761
-110.423612,13,1.193763
-27.358409,4,1.959227
-73.948865,7,2.006735
-104.121704,7,2.054735
-185.544523,11,2.127247
-26.813645,5,2.16125
-256.299238,27,2.345724
-241.058575,17,2.459764
-177.573046,15,2.564876
-192.282006,12,2.644923
-61.716939,8,2.702008
-274.328354,14,2.795423
-191.709022,14,2.887934
-280.276668,21,3.023448
-29.243401,5,3.059447
-147.382122,12,3.139957
-214.061857,18,3.261978
-91.302693,9,3.324085
-169.005551,13,3.416414
-139.501241,14,3.515927
-222.924043,16,3.621437
-235.131903,15,3.721947
-89.783547,11,3.801218
-62.074349,6,3.842908
