epoch,train_dtw,train_mae,train_feat_l2,reward_loss,log_likelihood,val_dtw,val_mae,val_feat_l2,lr
1,0.818837,0.151475,5.538123,4.258911,-4.258911,0.861943,0.158962,4.319302,0.001
2,0.820211,0.149684,6.338384,4.015056,-4.015056,0.878668,0.152746,4.589615,0.001
3,0.833999,0.14951,5.65108,3.843413,-3.843413,0.825904,0.162461,4.598528,0.001
4,0.890394,0.162457,6.081284,3.740992,-3.740992,0.915551,0.161431,4.263756,0.001
