epoch,train_dtw,train_mae,train_feat_l2,reward_loss,log_likelihood,val_dtw,val_mae,val_feat_l2,lr
1,1.674996,0.21585,9.806313,3.474104,-3.474104,1.599755,0.197045,9.038375,0.001
2,1.395513,0.182457,8.626612,3.47017,-3.47017,1.261289,0.164686,7.811334,0.001
